username,password,jobTitle,fullName,ID
bross,password,Chef,Bob Ross,1
ncage,password,Janitor,Nick Cage,2
djohnson,password,Translator,Dwayne Johnson,3
jappleseed,password,Translator,Johnny Appleseed,4
rsmith,pear,Translator,Rob Smith,5
jnicholson,watermelon,Food Delivery,Jack Nicholson,6
ksmith,1234,Transport Staff,Kim Smith,7
jlongmedow,12345,Food Delivery,Joe Longmedow,8
jadams,lions123,Transport Staff,Jake Adams,9
bbaker,patriots333,Translator,Bob Baker,10
cdavis,mass459,Translator,Courtney Davis,11
lquinn,strangerThings,Chef,Lisa Quinn,12
nochoa,11street11,Food Delivery,Nicole Ochoa,13
ghills,hills99,Chef,George Hills,14
eblackburn,anything12345,Food Delivery,Elizabeth Blackburn,15
ehalley,granolaBar,Food Delivery,Edmond Halley,16
dhodgkin,987654321,Janitor,Dorothy Hodgkin,17
mcurie,mapleStreet123,Transport Staff,Marie Curie,18
mborn,boston55,Janitor,Max Born,19
sbaker,heart54321,Transport Staff,Sarah Baker,20
